{"data": [
{"heartRate":{"average":137.35459899902344,"rrData":[8776]}},
{"heartRate":{"average":130.40870666503906,"rrData":[712]}},
{"heartRate":{"average":136.07142639160156,"rrData":[336]}},
{"heartRate":{"average":127.22368621826172,"rrData":[912]}},
{"heartRate":{"average":112.45857238769531,"rrData":[5624]}},
{"heartRate":{"average":111.99253845214844,"rrData":[536]}},
{"heartRate":{"average":118.38043212890625,"rrData":[368]}},
{"heartRate":{"average":131.65908813476562,"rrData":[264]}},
{"heartRate":{"average":116.27351379394531,"rrData":[9696]}},
{"heartRate":{"average":107.96551513671875,"rrData":[1160]}},
{"heartRate":{"average":95.374534606933594,"rrData":[8576]}},
{"heartRate":{"average":90.227272033691406,"rrData":[1056]}},
{"heartRate":{"average":87.851943969726562,"rrData":[824]}},
{"heartRate":{"average":77.372909545898438,"rrData":[20112]}},
{"heartRate":{"average":67.872085571289062,"rrData":[15088]}},
{"heartRate":{"average":59.6951904296875,"rrData":[38424]}}
]}